bgc_id,GCF,class,genome_id,contig,start,end,product,contig_edge
JADJKE010000001.region001,1976,RiPPs,GCA_016706135.1,JADJKE010000001,397819,409685,RiPP-like,FALSE
JADJKE010000003.region001,1912,Terpene,GCA_016706135.1,JADJKE010000003,7312,29490,terpene,FALSE
JADJKE010000005.region001,1913,Others,GCA_016706135.1,JADJKE010000005,67459,94365,betalactone,FALSE
JADJKE010000007.region001,1946,PKS-NRP_Hybrids,GCA_016706135.1,JADJKE010000007,99823,172539,NRPS;T1PKS,TRUE
JADJKE010000008.region001,1915,NRPS,GCA_016706135.1,JADJKE010000008,28691,78054,NRPS,FALSE
JADJKE010000011.region001,1916,RiPPs,GCA_016706135.1,JADJKE010000011,27993,48311,RRE-containing,FALSE
JADJKE010000011.region002,1917,Terpene,GCA_016706135.1,JADJKE010000011,139115,159988,terpene,FALSE
JADJKE010000013.region001,1918,Terpene,GCA_016706135.1,JADJKE010000013,8571,29504,terpene,FALSE
JADJKE010000016.region001,1919,Others,GCA_016706135.1,JADJKE010000016,42783,84418,phosphonate,FALSE
JADJMY010000001.region001,1968,RiPPs,GCA_016709365.1,JADJMY010000001,411666,421831,RiPP-like,FALSE
JADJMY010000001.region002,1976,RiPPs,GCA_016709365.1,JADJMY010000001,865456,877322,RiPP-like,FALSE
JADJMY010000001.region003,1912,Terpene,GCA_016709365.1,JADJMY010000001,1572014,1592915,terpene,FALSE
JADJMY010000001.region004,1918,Terpene,GCA_016709365.1,JADJMY010000001,1966858,1987355,terpene,FALSE
JADJMY010000001.region005,1916,RiPPs,GCA_016709365.1,JADJMY010000001,2099557,2119875,RRE-containing,FALSE
JADJMY010000001.region006,1917,Terpene,GCA_016709365.1,JADJMY010000001,2211845,2232721,terpene,FALSE
JADJMY010000001.region007,1915,NRPS,GCA_016709365.1,JADJMY010000001,2385400,2432076,NRPS,FALSE
JADJMY010000001.region008,1946,PKS-NRP_Hybrids,GCA_016709365.1,JADJMY010000001,2774817,2863973,NRPS;T1PKS,FALSE
JADJMY010000004.region001,1913,Others,GCA_016709365.1,JADJMY010000004,447464,474371,betalactone,FALSE
JADJMY010000004.region002,1919,Others,GCA_016709365.1,JADJMY010000004,711202,752837,phosphonate,FALSE
JADJRP010000001.region001,1930,Terpene,GCA_016712165.1,JADJRP010000001,546737,566886,terpene,FALSE
JADJRP010000001.region002,2019;1931,Terpene,GCA_016712165.1,JADJRP010000001,839263,860124,terpene,FALSE
JADJRP010000001.region003,2020,RiPPs,GCA_016712165.1,JADJRP010000001,1002477,1022816,RRE-containing,FALSE
JADJRP010000002.region001,1933;2013,RiPPs,GCA_016712165.1,JADJRP010000002,343307,352664,RiPP-like,FALSE
JADJRP010000002.region002,1979;1934,RiPPs,GCA_016712165.1,JADJRP010000002,461360,472206,RiPP-like,FALSE
JADJRP010000002.region003,1935,Others,GCA_016712165.1,JADJRP010000002,1006174,1047809,phosphonate,FALSE
JADJRP010000003.region001,2042,Others,GCA_016712165.1,JADJRP010000003,258675,286444,betalactone,FALSE
JADJRP010000015.region001,1982;2014,Others,GCA_016712165.1,JADJRP010000015,697656,718403,hserlactone,FALSE
JADJRP010000015.region002,1983,PKSI,GCA_016712165.1,JADJRP010000015,1010295,1055041,T1PKS,FALSE
JADJRP010000015.region003,2011,Terpene,GCA_016712165.1,JADJRP010000015,1193168,1215352,terpene,FALSE
JADJSL010000001.region001,1976,RiPPs,GCA_016711755.1,JADJSL010000001,260483,272349,RiPP-like,FALSE
JADJSL010000003.region001,1912,Terpene,GCA_016711755.1,JADJSL010000003,0,20407,terpene,TRUE
JADJSL010000005.region001,1913,Others,GCA_016711755.1,JADJSL010000005,189462,216335,betalactone,FALSE
JADJSL010000006.region001,1915,NRPS,GCA_016711755.1,JADJSL010000006,164319,213682,NRPS,FALSE
JADJSL010000007.region001,1916,RiPPs,GCA_016711755.1,JADJSL010000007,21504,41822,RRE-containing,FALSE
JADJSL010000007.region002,1918,Terpene,GCA_016711755.1,JADJSL010000007,153854,174787,terpene,FALSE
JADJSL010000010.region001,1946,PKS-NRP_Hybrids,GCA_016711755.1,JADJSL010000010,43453,131437,NRPS;T1PKS,FALSE
JADJSL010000014.region001,1917,Terpene,GCA_016711755.1,JADJSL010000014,10229,31105,terpene,FALSE
JADJSL010000024.region001,1919,Others,GCA_016711755.1,JADJSL010000024,45615,87025,phosphonate,FALSE
JADJXO010000001.region001,1949;1917,Terpene,GCA_016715825.1,JADJXO010000001,113043,131887,terpene,FALSE
JADJXO010000001.region002,1918,Terpene,GCA_016715825.1,JADJXO010000001,510506,531562,terpene,FALSE
JADJXO010000002.region001,1951,NRPS,GCA_016715825.1,JADJXO010000002,355716,404986,NRPS,FALSE
JADJXO010000002.region002,1952;1981,RiPPs,GCA_016715825.1,JADJXO010000002,615678,625633,RiPP-like,FALSE
JADJXO010000002.region003,1976,RiPPs,GCA_016715825.1,JADJXO010000002,702976,714827,RiPP-like,FALSE
JADJXO010000003.region001,1954;2046,Others,GCA_016715825.1,JADJXO010000003,373365,394082,hserlactone,FALSE
JADJXO010000010.region001,2011,Terpene,GCA_016715825.1,JADJXO010000010,22241,43927,terpene,FALSE
JADJXO010000013.region001,1956,RiPPs,GCA_016715825.1,JADJXO010000013,51986,72298,RRE-containing,FALSE
JADJXO010000013.region002,1935,Others,GCA_016715825.1,JADJXO010000013,102265,143900,phosphonate,FALSE
JADJYN010000001.region001,1976,RiPPs,GCA_016719745.1,JADJYN010000001,444225,456091,RiPP-like,FALSE
JADJYN010000002.region001,1918,Terpene,GCA_016719745.1,JADJYN010000002,267600,288095,terpene,FALSE
JADJYN010000002.region002,1916,RiPPs,GCA_016719745.1,JADJYN010000002,401589,421907,RRE-containing,FALSE
JADJYN010000002.region003,1917,Terpene,GCA_016719745.1,JADJYN010000002,514012,534888,terpene,FALSE
JADJYN010000005.region001,1915,NRPS,GCA_016719745.1,JADJYN010000005,139545,186117,NRPS,FALSE
JADJYN010000006.region001,1946,PKS-NRP_Hybrids,GCA_016719745.1,JADJYN010000006,49763,138885,NRPS;T1PKS,FALSE
JADJYN010000007.region001,1912,Terpene,GCA_016719745.1,JADJYN010000007,209081,231259,terpene,FALSE
JADJYN010000009.region001,1919,Others,GCA_016719745.1,JADJYN010000009,29115,70750,phosphonate,FALSE
JADJYN010000011.region001,1968,RiPPs,GCA_016719745.1,JADJYN010000011,20673,32182,RiPP-like,FALSE
JADJYN010000027.region001,1913,Others,GCA_016719745.1,JADJYN010000027,107052,133958,betalactone,FALSE
JADKGJ010000001.region001,1968,RiPPs,GCA_016722315.1,JADKGJ010000001,369528,380983,RiPP-like,FALSE
JADKGJ010000004.region001,1913,Others,GCA_016722315.1,JADKGJ010000004,203304,230210,betalactone,FALSE
JADKGJ010000005.region001,1918,Terpene,GCA_016722315.1,JADKGJ010000005,117086,138019,terpene,FALSE
JADKGJ010000006.region001,1915,NRPS,GCA_016722315.1,JADKGJ010000006,50003,99366,NRPS,FALSE
JADKGJ010000008.region001,1916,RiPPs,GCA_016722315.1,JADKGJ010000008,31083,51401,RRE-containing,FALSE
JADKGJ010000008.region002,1917,Terpene,GCA_016722315.1,JADKGJ010000008,143373,164249,terpene,FALSE
JADKGJ010000011.region001,1919,Others,GCA_016722315.1,JADKGJ010000011,69050,110685,phosphonate,FALSE
JADKGJ010000012.region001,1912,Terpene,GCA_016722315.1,JADKGJ010000012,12311,34489,terpene,FALSE
JADKGJ010000014.region001,1976,RiPPs,GCA_016722315.1,JADKGJ010000014,115340,127206,RiPP-like,FALSE
JADKGJ010000027.region001,1946,PKS-NRP_Hybrids,GCA_016722315.1,JADKGJ010000027,160851,249057,NRPS;T1PKS,FALSE
JADKGV010000004.region001,1935,Others,GCA_016722055.1,JADKGV010000004,112401,154036,phosphonate,FALSE
JADKGV010000004.region002,1979;1934,RiPPs,GCA_016722055.1,JADKGV010000004,693597,702141,RiPP-like,FALSE
JADKGV010000004.region003,1980;2013,RiPPs,GCA_016722055.1,JADKGV010000004,818455,829974,RiPP-like,FALSE
JADKGV010000004.region004,1981,RiPPs,GCA_016722055.1,JADKGV010000004,911516,922998,RiPP-like,FALSE
JADKGV010000004.region005,1982;2014,Others,GCA_016722055.1,JADKGV010000004,1862089,1882836,hserlactone,FALSE
JADKGV010000004.region006,1983,PKSI,GCA_016722055.1,JADKGV010000004,2188777,2235161,T1PKS,FALSE
JADKGV010000004.region007,2011,Terpene,GCA_016722055.1,JADKGV010000004,2373732,2394297,terpene,FALSE
JADKGV010000004.region008,2020,RiPPs,GCA_016722055.1,JADKGV010000004,2607053,2627392,RRE-containing,FALSE
JADKGV010000004.region009,2019;1931,Terpene,GCA_016722055.1,JADKGV010000004,2772280,2792198,terpene,FALSE
JADKGV010000004.region010,1930,Terpene,GCA_016722055.1,JADKGV010000004,3099946,3121002,terpene,FALSE
JADKGV010000006.region001,2042,Others,GCA_016722055.1,JADKGV010000006,634575,662344,betalactone,FALSE
NZ_AP022671.1.region001,1989;2052,NRPS,GCF_011405515.1,NZ_AP022671.1,315385,363092,NRPS,FALSE
NZ_AP022671.1.region002,2042,Others,GCF_011405515.1,NZ_AP022671.1,494028,521940,betalactone,FALSE
NZ_AP022671.1.region003,1991,Others,GCF_011405515.1,NZ_AP022671.1,571854,613489,phosphonate,FALSE
NZ_AP022671.1.region004,1992,PKS-NRP_Hybrids,GCF_011405515.1,NZ_AP022671.1,1045570,1134147,NRPS;T1PKS,FALSE
NZ_AP022671.1.region005,1993;1981,RiPPs,GCF_011405515.1,NZ_AP022671.1,2088193,2098198,RiPP-like,FALSE
NZ_AP022671.1.region006,1994,Others,GCF_011405515.1,NZ_AP022671.1,2510072,2532202,redox-cofactor,FALSE
NZ_AP022671.1.region007,1995,RiPPs,GCF_011405515.1,NZ_AP022671.1,2559128,2570982,RiPP-like,FALSE
NZ_AP022671.1.region008,1996;2046,Others,GCF_011405515.1,NZ_AP022671.1,2956016,3005962,arylpolyene;hserlactone,FALSE
NZ_AP022671.1.region009,1912,Terpene,GCF_011405515.1,NZ_AP022671.1,3183185,3203819,terpene,FALSE
NZ_AP022671.1.region010,1918,Terpene,GCF_011405515.1,NZ_AP022671.1,3676688,3696680,terpene,FALSE
NZ_AP022671.1.region011,1999;1916,RiPPs,GCF_011405515.1,NZ_AP022671.1,4134745,4155204,RRE-containing,FALSE
NZ_AP022671.1.region012,2000;1917,Terpene,GCF_011405515.1,NZ_AP022671.1,4303370,4324231,terpene,FALSE
NZ_CP011801.1.region001,2042,Others,GCF_001273775.1,NZ_CP011801.1,36686,64560,RiPP-like;betalactone,FALSE
NZ_CP011801.1.region002,2002,Others,GCF_001273775.1,NZ_CP011801.1,477222,497984,hserlactone,FALSE
NZ_CP011801.1.region003,2003;2047,Others,GCF_001273775.1,NZ_CP011801.1,547782,589462,phosphonate,FALSE
NZ_CP011801.1.region004,2011,Terpene,GCF_001273775.1,NZ_CP011801.1,676482,697823,terpene,FALSE
NZ_CP011801.1.region005,1918,Terpene,GCF_001273775.1,NZ_CP011801.1,1062332,1080942,terpene,FALSE
NZ_CP011801.1.region006,2006;2019;1917,Terpene,GCF_001273775.1,NZ_CP011801.1,1323458,1344319,terpene,FALSE
NZ_CP011801.1.region007,2007,Others,GCF_001273775.1,NZ_CP011801.1,2260969,2310257,NRPS;lassopeptide,FALSE
NZ_CP011801.1.region008,2008,NRPS,GCF_001273775.1,NZ_CP011801.1,2573411,2616114,NRPS-like,FALSE
NZ_CP011801.1.region009,2009,RiPPs,GCF_001273775.1,NZ_CP011801.1,3921533,3930954,RiPP-like,FALSE
NZ_CP011801.1.region010,2010;1981,RiPPs,GCF_001273775.1,NZ_CP011801.1,4031433,4042903,RiPP-like,FALSE
NZ_CZQA01000001.region001,2011,Terpene,GCF_001458735.1,NZ_CZQA01000001,221618,243802,terpene,FALSE
NZ_CZQA01000001.region002,2012;1934,RiPPs,GCF_001458735.1,NZ_CZQA01000001,359665,369480,RiPP-like,FALSE
NZ_CZQA01000001.region003,2013,RiPPs,GCF_001458735.1,NZ_CZQA01000001,495334,507185,RiPP-like,FALSE
NZ_CZQA01000001.region004,1982;2014,Others,GCF_001458735.1,NZ_CZQA01000001,1553023,1573770,hserlactone,FALSE
NZ_CZQA01000008.region001,1935,Others,GCF_001458735.1,NZ_CZQA01000008,79232,120867,phosphonate,FALSE
NZ_CZQA01000008.region002,1983,PKSI,GCF_001458735.1,NZ_CZQA01000008,660258,706669,T1PKS,FALSE
NZ_CZQA01000009.region001,2017,PKS-NRP_Hybrids,GCF_001458735.1,NZ_CZQA01000009,329481,418424,NRPS;T1PKS,FALSE
NZ_CZQA01000010.region001,1930,Terpene,GCF_001458735.1,NZ_CZQA01000010,31878,51894,terpene,FALSE
NZ_CZQA01000010.region002,2019;1931,Terpene,GCF_001458735.1,NZ_CZQA01000010,338643,359504,terpene,FALSE
NZ_CZQA01000010.region003,2020,RiPPs,GCF_001458735.1,NZ_CZQA01000010,505755,518006,RRE-containing,TRUE
NZ_FWEX01000005.region001,1946,PKS-NRP_Hybrids,GCF_900170025.1,NZ_FWEX01000005,94771,177407,NRPS;T1PKS,FALSE
NZ_FWEX01000006.region001,1915,NRPS,GCF_900170025.1,NZ_FWEX01000006,176189,225552,NRPS,FALSE
NZ_FWEX01000006.region002,1917,Terpene,GCF_900170025.1,NZ_FWEX01000006,374558,394452,terpene,FALSE
NZ_FWEX01000006.region003,1916,RiPPs,GCF_900170025.1,NZ_FWEX01000006,487318,507636,RRE-containing,FALSE
NZ_FWEX01000006.region004,1918,Terpene,GCF_900170025.1,NZ_FWEX01000006,634223,654720,terpene,FALSE
NZ_FWEX01000006.region005,1912,Terpene,GCF_900170025.1,NZ_FWEX01000006,1038850,1061028,terpene,FALSE
NZ_FWEX01000006.region006,1976,RiPPs,GCF_900170025.1,NZ_FWEX01000006,1819848,1831714,RiPP-like,FALSE
NZ_FWEX01000006.region007,1913,Others,GCF_900170025.1,NZ_FWEX01000006,3126566,3153472,betalactone,FALSE
NZ_FWEX01000006.region008,1919,Others,GCF_900170025.1,NZ_FWEX01000006,3390296,3431931,phosphonate,FALSE
NZ_LN885086.1.region001,2030,Others,GCF_001458695.1,NZ_LN885086.1,163247,204465,arylpolyene,FALSE
NZ_LN885086.1.region002,2031;2047,Others,GCF_001458695.1,NZ_LN885086.1,273515,315204,phosphonate,FALSE
NZ_LN885086.1.region003,2032;1981,RiPPs,GCF_001458695.1,NZ_LN885086.1,439919,450739,RiPP-like,FALSE
NZ_LN885086.1.region004,2033,NRPS,GCF_001458695.1,NZ_LN885086.1,688952,731664,NRPS-like,FALSE
NZ_LN885086.1.region005,2042,Others,GCF_001458695.1,NZ_LN885086.1,880405,908308,betalactone,FALSE
NZ_LN885086.1.region006,2035;2014,Others,GCF_001458695.1,NZ_LN885086.1,1301668,1322439,hserlactone,FALSE
NZ_LN885086.1.region007,1976,RiPPs,GCF_001458695.1,NZ_LN885086.1,1387770,1398874,RiPP-like,FALSE
NZ_LN885086.1.region008,2011,Terpene,GCF_001458695.1,NZ_LN885086.1,1500258,1522025,terpene,FALSE
NZ_LN885086.1.region009,2038;1917,Terpene,GCF_001458695.1,NZ_LN885086.1,1918023,1937393,terpene,FALSE
NZ_LN885086.1.region010,2039,RiPPs,GCF_001458695.1,NZ_LN885086.1,1937684,1948581,RiPP-like,FALSE
NZ_LN885086.1.region011,1918,Terpene,GCF_001458695.1,NZ_LN885086.1,3121151,3142189,terpene,FALSE
NZ_LT828648.1.region001,2041;1981,RiPPs,GCF_900169565.1,NZ_LT828648.1,487192,496499,RiPP-like,FALSE
NZ_LT828648.1.region002,2042,Others,GCF_900169565.1,NZ_LT828648.1,522819,550630,betalactone,FALSE
NZ_LT828648.1.region003,2043,Others,GCF_900169565.1,NZ_LT828648.1,595018,636209,arylpolyene,FALSE
NZ_LT828648.1.region004,2044,Others,GCF_900169565.1,NZ_LT828648.1,947700,969809,redox-cofactor,FALSE
NZ_LT828648.1.region005,2045,RiPPs,GCF_900169565.1,NZ_LT828648.1,987111,998965,RiPP-like,FALSE
NZ_LT828648.1.region006,2046;1996,Others,GCF_900169565.1,NZ_LT828648.1,1522652,1543390,hserlactone,FALSE
NZ_LT828648.1.region007,2047;2003,Others,GCF_900169565.1,NZ_LT828648.1,1610264,1651944,phosphonate,FALSE
NZ_LT828648.1.region008,1912,Terpene,GCF_900169565.1,NZ_LT828648.1,1744508,1764909,terpene,FALSE
NZ_LT828648.1.region009,1918,Terpene,GCF_900169565.1,NZ_LT828648.1,2138295,2158056,terpene,FALSE
NZ_LT828648.1.region010,1999;1916,RiPPs,GCF_900169565.1,NZ_LT828648.1,2310860,2331316,RRE-containing,FALSE
NZ_LT828648.1.region011,2000;1917,Terpene,GCF_900169565.1,NZ_LT828648.1,2499214,2520081,terpene,FALSE
NZ_LT828648.1.region012,2052,NRPS,GCF_900169565.1,NZ_LT828648.1,2848910,2895956,NRPS,FALSE
NZ_LT828648.1.region013,2053,PKS-NRP_Hybrids,GCF_900169565.1,NZ_LT828648.1,3575689,3637795,transAT-PKS;NRPS,FALSE
NZ_LT828648.1.region014,2054,PKS-NRP_Hybrids,GCF_900169565.1,NZ_LT828648.1,3735216,3817014,NRPS;T1PKS,FALSE
NZ_OUNR01000001.region001,1930,Terpene,GCF_900403705.1,NZ_OUNR01000001,120498,141115,terpene,FALSE
NZ_OUNR01000001.region002,2011,Terpene,GCF_900403705.1,NZ_OUNR01000001,549784,571959,terpene,FALSE
NZ_OUNR01000001.region003,2057;2046,Others,GCF_900403705.1,NZ_OUNR01000001,808128,828896,hserlactone,FALSE
NZ_OUNR01000002.region001,2058,Others,GCF_900403705.1,NZ_OUNR01000002,61071,90088,phosphonate,TRUE
NZ_OUNR01000012.region001,1976,RiPPs,GCF_900403705.1,NZ_OUNR01000012,122104,133964,RiPP-like,FALSE
NZ_OUNR01000012.region002,2060,Others,GCF_900403705.1,NZ_OUNR01000012,379211,420492,arylpolyene,FALSE
NZ_OUNR01000016.region001,2061,Others,GCF_900403705.1,NZ_OUNR01000016,357666,407989,RRE-containing;NRPS,FALSE
NZ_OUNR01000021.region001,1999;1916,RiPPs,GCF_900403705.1,NZ_OUNR01000021,93763,122735,RRE-containing,FALSE
NZ_OUNR01000022.region001,2063;1917,Terpene,GCF_900403705.1,NZ_OUNR01000022,48671,69532,terpene,FALSE
CP064960.1.region001,NA,NA,GCA_016699105.1,CP064960.1,19333,40071,hserlactone,FALSE
CP064960.1.region002,NA,NA,GCA_016699105.1,CP064960.1,185932,206682,terpene,FALSE
CP064967.1.region001,NA,NA,GCA_016699265.1,CP064967.1,469856,491955,LAP,FALSE
CP064972.1.region001,NA,NA,GCA_016699405.1,CP064972.1,893930,934992,T3PKS,FALSE
CP064972.1.region002,NA,NA,GCA_016699405.1,CP064972.1,2696384,2745036,T1PKS,FALSE
CP064972.1.region003,NA,NA,GCA_016699405.1,CP064972.1,2940698,2983181,arylpolyene;ladderane,FALSE
CP064972.1.region004,NA,NA,GCA_016699405.1,CP064972.1,4929186,4948235,ranthipeptide,FALSE
CP064972.1.region005,NA,NA,GCA_016699405.1,CP064972.1,4960176,4981716,ranthipeptide,FALSE
CP064988.1.region001,NA,NA,GCA_016699855.1,CP064988.1,572887,593763,terpene,FALSE
CP064988.1.region002,NA,NA,GCA_016699855.1,CP064988.1,608027,617293,RiPP-like,FALSE
CP064988.1.region003,NA,NA,GCA_016699855.1,CP064988.1,2327721,2355002,betalactone,FALSE
CP064988.1.region004,NA,NA,GCA_016699855.1,CP064988.1,2362668,2382935,RRE-containing,FALSE
CP064988.1.region005,NA,NA,GCA_016699855.1,CP064988.1,3938094,3978943,phosphonate,FALSE
CP064988.1.region006,NA,NA,GCA_016699855.1,CP064988.1,4259661,4288258,betalactone,FALSE
CP064988.1.region007,NA,NA,GCA_016699855.1,CP064988.1,4908715,4919681,RiPP-like,FALSE
JADJDU010000001.region001,NA,NA,GCA_016702505.1,JADJDU010000001,180960,226159,other,FALSE
JADJDU010000003.region001,NA,NA,GCA_016702505.1,JADJDU010000003,0,44996,hglE-KS;T1PKS,TRUE
JADJDU010000004.region001,NA,NA,GCA_016702505.1,JADJDU010000004,76634,97699,terpene,FALSE
JADJDU010000007.region001,NA,NA,GCA_016702505.1,JADJDU010000007,32735,53221,RRE-containing,FALSE
JADJDU010000011.region001,NA,NA,GCA_016702505.1,JADJDU010000011,79683,100631,nucleoside,FALSE
JADJDU010000014.region001,NA,NA,GCA_016702505.1,JADJDU010000014,101821,130051,other,TRUE
JADJDU010000030.region001,NA,NA,GCA_016702505.1,JADJDU010000030,463217,505588,other,FALSE
JADJDQ010000002.region001,NA,NA,GCA_016702605.1,JADJDQ010000002,288701,310535,terpene,FALSE
JADJDQ010000003.region001,NA,NA,GCA_016702605.1,JADJDQ010000003,141520,168098,redox-cofactor,FALSE
JADJDQ010000004.region001,NA,NA,GCA_016702605.1,JADJDQ010000004,149218,191534,arylpolyene,FALSE
JADJDQ010000004.region002,NA,NA,GCA_016702605.1,JADJDQ010000004,334606,355650,terpene,FALSE
JADJDQ010000021.region001,NA,NA,GCA_016702605.1,JADJDQ010000021,167427,179335,RiPP-like,FALSE
JADJDL010000001.region001,NA,NA,GCA_016702715.1,JADJDL010000001,304105,324765,terpene,FALSE
JADJDL010000001.region002,NA,NA,GCA_016702715.1,JADJDL010000001,745955,766882,terpene,FALSE
JADJDL010000002.region001,NA,NA,GCA_016702715.1,JADJDL010000002,69444,89987,linaridin,FALSE
JADJDL010000017.region001,NA,NA,GCA_016702715.1,JADJDL010000017,9155,38385,lassopeptide,FALSE
JADJDL010000017.region002,NA,NA,GCA_016702715.1,JADJDL010000017,69294,90736,ranthipeptide,FALSE
JADJDD010000003.region001,NA,NA,GCA_016702885.1,JADJDD010000003,45527,66475,terpene,FALSE
JADJDD010000018.region001,NA,NA,GCA_016702885.1,JADJDD010000018,0,16805,terpene,TRUE
JADJDC010000010.region001,NA,NA,GCA_016702905.1,JADJDC010000010,64911,85583,terpene,FALSE
JADJDC010000015.region001,NA,NA,GCA_016702905.1,JADJDC010000015,16043,36880,terpene,FALSE
JADJCY010000001.region001,NA,NA,GCA_016702955.1,JADJCY010000001,118415,139375,terpene,FALSE
JADJCY010000003.region001,NA,NA,GCA_016702955.1,JADJCY010000003,598923,621126,redox-cofactor,FALSE
JADJCY010000013.region001,NA,NA,GCA_016702955.1,JADJCY010000013,116988,138074,terpene,FALSE
JADJCY010000022.region001,NA,NA,GCA_016702955.1,JADJCY010000022,680655,701552,terpene,FALSE
JADJCU010000001.region001,NA,NA,GCA_016703065.1,JADJCU010000001,519426,548346,betalactone,FALSE
JADJCP010000001.region001,NA,NA,GCA_016703155.1,JADJCP010000001,49287,68225,RRE-containing,FALSE
JADJCP010000001.region002,NA,NA,GCA_016703155.1,JADJCP010000001,84286,128705,terpene;thiopeptide,FALSE
JADJCP010000001.region003,NA,NA,GCA_016703155.1,JADJCP010000001,253113,273554,RRE-containing,FALSE
JADJCP010000001.region004,NA,NA,GCA_016703155.1,JADJCP010000001,584382,631467,NRPS;NRPS-like,FALSE
JADJCP010000003.region001,NA,NA,GCA_016703155.1,JADJCP010000003,342596,353448,RiPP-like,FALSE
JADJCP010000006.region001,NA,NA,GCA_016703155.1,JADJCP010000006,81017,123543,NRPS-like,FALSE
JADJCL010000006.region001,NA,NA,GCA_016703235.1,JADJCL010000006,377281,401364,terpene,FALSE
JADJCL010000006.region002,NA,NA,GCA_016703235.1,JADJCL010000006,1497644,1538709,T3PKS,FALSE
JADJCK010000003.region001,NA,NA,GCA_016703265.1,JADJCK010000003,332397,373450,T3PKS,FALSE
JADJCK010000005.region001,NA,NA,GCA_016703265.1,JADJCK010000005,58615,78894,RRE-containing,FALSE
JADJCC010000001.region001,NA,NA,GCA_016703435.1,JADJCC010000001,49133,62757,RiPP-like,FALSE
JADJCC010000002.region001,NA,NA,GCA_016703435.1,JADJCC010000002,328681,350005,terpene,FALSE
JADJCC010000003.region001,NA,NA,GCA_016703435.1,JADJCC010000003,278500,309864,betalactone,FALSE
JADJCC010000003.region002,NA,NA,GCA_016703435.1,JADJCC010000003,712298,773597,acyl_amino_acids;hserlactone,FALSE
JADJCC010000004.region001,NA,NA,GCA_016703435.1,JADJCC010000004,386442,427636,arylpolyene,FALSE
JADJCC010000006.region001,NA,NA,GCA_016703435.1,JADJCC010000006,347368,388361,PKS-like,FALSE
JADJBQ010000001.region001,NA,NA,GCA_016703655.1,JADJBQ010000001,105841,155637,NRPS-like;T1PKS,FALSE
JADJBQ010000008.region001,NA,NA,GCA_016703655.1,JADJBQ010000008,387168,404930,terpene,TRUE
JADJBQ010000023.region001,NA,NA,GCA_016703655.1,JADJBQ010000023,127733,149861,lassopeptide,FALSE
JADJBL010000006.region001,NA,NA,GCA_016703765.1,JADJBL010000006,60625,81462,terpene,FALSE
JADJBL010000024.region001,NA,NA,GCA_016703765.1,JADJBL010000024,4970,26143,terpene,FALSE
JADJBL010000045.region001,NA,NA,GCA_016703765.1,JADJBL010000045,49347,92581,NRPS-like,FALSE
JADJBI010000001.region001,NA,NA,GCA_016703795.1,JADJBI010000001,998073,1018910,terpene,FALSE
JADJBG010000001.region001,NA,NA,GCA_016703855.1,JADJBG010000001,1222788,1243316,terpene,FALSE
JADJBG010000005.region001,NA,NA,GCA_016703855.1,JADJBG010000005,245794,256631,RiPP-like,FALSE
JADJBG010000005.region002,NA,NA,GCA_016703855.1,JADJBG010000005,980428,1014664,"NAPAA",FALSE
JADJBG010000005.region003,NA,NA,GCA_016703855.1,JADJBG010000005,1739580,1769473,betalactone,FALSE
JADJBG010000007.region001,NA,NA,GCA_016703855.1,JADJBG010000007,408398,449604,arylpolyene,FALSE
JADJAZ010000002.region001,NA,NA,GCA_016703985.1,JADJAZ010000002,283563,294415,RiPP-like,FALSE
JADJAZ010000003.region001,NA,NA,GCA_016703985.1,JADJAZ010000003,624919,671169,NRPS;NRPS-like,FALSE
JADJAZ010000006.region001,NA,NA,GCA_016703985.1,JADJAZ010000006,134005,177842,NRPS,FALSE
JADJAZ010000006.region002,NA,NA,GCA_016703985.1,JADJAZ010000006,399750,421187,ranthipeptide,FALSE
JADJAY010000001.region001,NA,NA,GCA_016704005.1,JADJAY010000001,226404,258460,betalactone,FALSE
JADJAY010000001.region002,NA,NA,GCA_016704005.1,JADJAY010000001,303110,326908,RRE-containing;lassopeptide,FALSE
JADJAY010000001.region003,NA,NA,GCA_016704005.1,JADJAY010000001,728609,751101,terpene,FALSE
JADJAY010000011.region001,NA,NA,GCA_016704005.1,JADJAY010000011,142393,190085,T1PKS,FALSE
JADJAY010000011.region002,NA,NA,GCA_016704005.1,JADJAY010000011,446805,474093,betalactone,FALSE
JADJBA010000009.region001,NA,NA,GCA_016704015.1,JADJBA010000009,11179,22175,RiPP-like,FALSE
JADJBA010000018.region001,NA,NA,GCA_016704015.1,JADJBA010000018,640401,661247,terpene,FALSE
JADJAN010000028.region001,NA,NA,GCA_016704255.1,JADJAN010000028,0,11106,terpene,TRUE
JADJAI010000004.region001,NA,NA,GCA_016704375.1,JADJAI010000004,13698,65570,T1PKS,FALSE
JADJAI010000004.region002,NA,NA,GCA_016704375.1,JADJAI010000004,135333,156880,ranthipeptide,FALSE
JADJAI010000005.region001,NA,NA,GCA_016704375.1,JADJAI010000005,12311,22701,ectoine,FALSE
JADJAC010000004.region001,NA,NA,GCA_016704425.1,JADJAC010000004,204656,245721,T3PKS,FALSE
JADJAC010000011.region001,NA,NA,GCA_016704425.1,JADJAC010000011,883683,907765,terpene,FALSE
JADIZF010000002.region001,NA,NA,GCA_016704945.1,JADIZF010000002,93830,156646,resorcinol;arylpolyene,FALSE
JADIZF010000010.region001,NA,NA,GCA_016704945.1,JADIZF010000010,33289,74342,T3PKS,FALSE
JADIZF010000014.region001,NA,NA,GCA_016704945.1,JADIZF010000014,26795,47257,terpene,FALSE
JADIZC010000011.region001,NA,NA,GCA_016704985.1,JADIZC010000011,1212398,1253451,T3PKS,FALSE
JADIZC010000013.region001,NA,NA,GCA_016704985.1,JADIZC010000013,37104,60220,terpene,FALSE
JADIYK010000001.region001,NA,NA,GCA_016705355.1,JADIYK010000001,194563,224087,betalactone,FALSE
JADIYK010000015.region001,NA,NA,GCA_016705355.1,JADIYK010000015,211461,253915,NRPS-like,FALSE
JADIYI010000005.region001,NA,NA,GCA_016705365.1,JADIYI010000005,284944,295796,RiPP-like,FALSE
JADIYI010000006.region001,NA,NA,GCA_016705365.1,JADIYI010000006,129347,141051,RiPP-like,FALSE
JADIYI010000008.region001,NA,NA,GCA_016705365.1,JADIYI010000008,802181,847643,NRPS;NRPS-like,FALSE
JADIYI010000008.region002,NA,NA,GCA_016705365.1,JADIYI010000008,1943826,1987663,NRPS,FALSE
JADIYI010000008.region003,NA,NA,GCA_016705365.1,JADIYI010000008,2209524,2230961,ranthipeptide,FALSE
JADIYG010000003.region001,NA,NA,GCA_016705425.1,JADIYG010000003,353768,374596,terpene,FALSE
JADIYG010000004.region001,NA,NA,GCA_016705425.1,JADIYG010000004,357141,385375,lassopeptide;RRE-containing,FALSE
JADIYG010000004.region002,NA,NA,GCA_016705425.1,JADIYG010000004,416268,436919,RRE-containing,FALSE
JADIYG010000006.region001,NA,NA,GCA_016705425.1,JADIYG010000006,299201,318800,terpene;lassopeptide,TRUE
JADIYG010000048.region001,NA,NA,GCA_016705425.1,JADIYG010000048,208840,220463,linaridin,TRUE
JADJLB010000002.region001,NA,NA,GCA_016705685.1,JADJLB010000002,152127,210993,acyl_amino_acids,FALSE
JADJLB010000002.region002,NA,NA,GCA_016705685.1,JADJLB010000002,457085,518396,acyl_amino_acids,FALSE
JADJLB010000002.region003,NA,NA,GCA_016705685.1,JADJLB010000002,590374,601250,RiPP-like,FALSE
JADJLB010000010.region001,NA,NA,GCA_016705685.1,JADJLB010000010,416918,438633,terpene,FALSE
JADJLB010000012.region001,NA,NA,GCA_016705685.1,JADJLB010000012,221030,239057,RiPP-like,FALSE
JADJKW010000006.region001,NA,NA,GCA_016705775.1,JADJKW010000006,84234,105959,terpene,FALSE
JADJKW010000011.region001,NA,NA,GCA_016705775.1,JADJKW010000011,4328,64994,acyl_amino_acids,FALSE
JADJKW010000013.region001,NA,NA,GCA_016705775.1,JADJKW010000013,0,50753,acyl_amino_acids,TRUE
JADJKW010000043.region001,NA,NA,GCA_016705775.1,JADJKW010000043,26518,37376,RiPP-like,FALSE
JADJKZ010000001.region001,NA,NA,GCA_016705815.1,JADJKZ010000001,1485290,1506250,terpene,FALSE
JADJKZ010000002.region001,NA,NA,GCA_016705815.1,JADJKZ010000002,1145392,1167595,redox-cofactor,FALSE
JADJKZ010000002.region002,NA,NA,GCA_016705815.1,JADJKZ010000002,1392571,1413657,terpene,FALSE
JADJKZ010000004.region001,NA,NA,GCA_016705815.1,JADJKZ010000004,420860,441757,terpene,FALSE
JADJIJ010000003.region001,NA,NA,GCA_016707065.1,JADJIJ010000003,10215,71523,acyl_amino_acids,FALSE
JADJIJ010000021.region001,NA,NA,GCA_016707065.1,JADJIJ010000021,30236,52051,terpene,FALSE
JADJIJ010000040.region001,NA,NA,GCA_016707065.1,JADJIJ010000040,1250,61916,acyl_amino_acids,FALSE
JADJIJ010000045.region001,NA,NA,GCA_016707065.1,JADJIJ010000045,36387,68750,thiopeptide,FALSE
JADJIJ010000045.region002,NA,NA,GCA_016707065.1,JADJIJ010000045,230746,241604,RiPP-like,FALSE
JADJII010000001.region001,NA,NA,GCA_016707075.1,JADJII010000001,592637,614330,terpene,FALSE
JADJII010000011.region001,NA,NA,GCA_016707075.1,JADJII010000011,59730,70627,RiPP-like,FALSE
JADJHY010000003.region001,NA,NA,GCA_016707305.1,JADJHY010000003,104112,124946,terpene,FALSE
JADJHY010000012.region001,NA,NA,GCA_016707305.1,JADJHY010000012,17919,49729,arylpolyene,TRUE
JADJHY010000019.region001,NA,NA,GCA_016707305.1,JADJHY010000019,97814,138966,T3PKS,FALSE
JADJHW010000006.region001,NA,NA,GCA_016707325.1,JADJHW010000006,45177,88084,NRPS-like,FALSE
JADJHW010000006.region002,NA,NA,GCA_016707325.1,JADJHW010000006,119591,163173,arylpolyene,FALSE
JADJHW010000007.region001,NA,NA,GCA_016707325.1,JADJHW010000007,36303,100831,acyl_amino_acids,FALSE
JADJHW010000007.region002,NA,NA,GCA_016707325.1,JADJHW010000007,171961,182927,RiPP-like,FALSE
JADJHW010000008.region001,NA,NA,GCA_016707325.1,JADJHW010000008,3040,21546,terpene,FALSE
JADJHW010000008.region002,NA,NA,GCA_016707325.1,JADJHW010000008,594864,615983,terpene,FALSE
JADJHW010000010.region001,NA,NA,GCA_016707325.1,JADJHW010000010,114029,146703,betalactone,FALSE
JADJHW010000010.region002,NA,NA,GCA_016707325.1,JADJHW010000010,228390,274465,hglE-KS,FALSE
JADJHX010000006.region001,NA,NA,GCA_016707335.1,JADJHX010000006,194825,242082,T1PKS,FALSE
JADJHX010000009.region001,NA,NA,GCA_016707335.1,JADJHX010000009,20533,47821,betalactone,FALSE
JADJHX010000014.region001,NA,NA,GCA_016707335.1,JADJHX010000014,653331,675865,terpene,FALSE
JADJHX010000014.region002,NA,NA,GCA_016707335.1,JADJHX010000014,1075057,1098857,lassopeptide;RRE-containing,FALSE
JADJHX010000014.region003,NA,NA,GCA_016707335.1,JADJHX010000014,1140957,1173013,betalactone,FALSE
JADJHT010000001.region001,NA,NA,GCA_016707385.1,JADJHT010000001,1036808,1087306,NRPS;NRPS-like;T1PKS,FALSE
JADJHT010000006.region001,NA,NA,GCA_016707385.1,JADJHT010000006,0,36420,acyl_amino_acids;hserlactone,TRUE
JADJHT010000008.region001,NA,NA,GCA_016707385.1,JADJHT010000008,1763124,1783967,terpene,FALSE
JADJHT010000008.region002,NA,NA,GCA_016707385.1,JADJHT010000008,2257421,2309796,arylpolyene;resorcinol,FALSE
JADJGN010000005.region001,NA,NA,GCA_016708135.1,JADJGN010000005,184698,239680,T1PKS;NRPS-like,FALSE
JADJGN010000006.region001,NA,NA,GCA_016708135.1,JADJGN010000006,223702,266555,NRPS-like,FALSE
JADJGN010000014.region001,NA,NA,GCA_016708135.1,JADJGN010000014,21015,62086,T3PKS,FALSE
JADJGN010000023.region001,NA,NA,GCA_016708135.1,JADJGN010000023,92868,136042,arylpolyene,FALSE
JADJGN010000027.region001,NA,NA,GCA_016708135.1,JADJGN010000027,0,8665,RiPP-like,TRUE
JADJGN010000028.region001,NA,NA,GCA_016708135.1,JADJGN010000028,0,54691,hglE-KS,TRUE
JADJGN010000031.region001,NA,NA,GCA_016708135.1,JADJGN010000031,7704,30479,terpene,FALSE
JADJGN010000035.region001,NA,NA,GCA_016708135.1,JADJGN010000035,32524,73793,arylpolyene,FALSE
JADJGN010000061.region001,NA,NA,GCA_016708135.1,JADJGN010000061,63345,74218,RiPP-like,FALSE
JADJGN010000062.region001,NA,NA,GCA_016708135.1,JADJGN010000062,0,28755,NRPS,TRUE
JADJFT010000004.region001,NA,NA,GCA_016708465.1,JADJFT010000004,148411,159290,RiPP-like,FALSE
JADJFT010000005.region001,NA,NA,GCA_016708465.1,JADJFT010000005,57760,108057,hglE-KS;T1PKS,FALSE
JADJFJ010000002.region001,NA,NA,GCA_016708645.1,JADJFJ010000002,180699,221899,arylpolyene,FALSE
JADJFJ010000005.region001,NA,NA,GCA_016708645.1,JADJFJ010000005,84466,130298,resorcinol;arylpolyene,FALSE
JADJFJ010000009.region001,NA,NA,GCA_016708645.1,JADJFJ010000009,18362,29247,RiPP-like,FALSE
JADJFJ010000017.region001,NA,NA,GCA_016708645.1,JADJFJ010000017,74764,97134,terpene,FALSE
JADJES010000001.region001,NA,NA,GCA_016708955.1,JADJES010000001,76430,86763,RiPP-like,FALSE
JADJES010000002.region001,NA,NA,GCA_016708955.1,JADJES010000002,245499,267509,terpene,FALSE
JADJES010000003.region001,NA,NA,GCA_016708955.1,JADJES010000003,83063,93921,RiPP-like,FALSE
JADJES010000005.region001,NA,NA,GCA_016708955.1,JADJES010000005,106991,159962,hglE-KS;T1PKS,FALSE
JADJES010000011.region001,NA,NA,GCA_016708955.1,JADJES010000011,3721,24795,terpene,FALSE
JADJEJ010000004.region001,NA,NA,GCA_016709195.1,JADJEJ010000004,15004,35958,terpene,FALSE
JADJEJ010000010.region001,NA,NA,GCA_016709195.1,JADJEJ010000010,38954,59797,terpene,FALSE
JADJLX010000001.region001,NA,NA,GCA_016709865.1,JADJLX010000001,235297,256233,terpene,FALSE
JADJLX010000002.region001,NA,NA,GCA_016709865.1,JADJLX010000002,250378,270630,RRE-containing,FALSE
JADJLX010000003.region001,NA,NA,GCA_016709865.1,JADJLX010000003,54529,74814,RRE-containing,FALSE
JADJLS010000003.region001,NA,NA,GCA_016709975.1,JADJLS010000003,448296,469196,terpene,FALSE
JADJLJ010000001.region001,NA,NA,GCA_016710165.1,JADJLJ010000001,1860972,1881809,terpene,FALSE
JADJLJ010000001.region002,NA,NA,GCA_016710165.1,JADJLJ010000001,2155398,2217753,resorcinol;arylpolyene,FALSE
JADJLJ010000005.region001,NA,NA,GCA_016710165.1,JADJLJ010000005,111667,152720,T3PKS,FALSE
JADJLG010000001.region001,NA,NA,GCA_016710235.1,JADJLG010000001,3413965,3434805,terpene,FALSE
JADJVP010000010.region001,NA,NA,GCA_016710545.1,JADJVP010000010,48762,82707,"NAPAA",FALSE
JADJVP010000011.region001,NA,NA,GCA_016710545.1,JADJVP010000011,23448,54036,NRPS-like,TRUE
JADJVP010000017.region001,NA,NA,GCA_016710545.1,JADJVP010000017,17870,60612,NRPS-like,FALSE
JADJVP010000024.region001,NA,NA,GCA_016710545.1,JADJVP010000024,500770,525366,betalactone,FALSE
JADJUK010000003.region001,NA,NA,GCA_016710695.1,JADJUK010000003,22640,52162,betalactone,FALSE
JADJTK010000001.region001,NA,NA,GCA_016711225.1,JADJTK010000001,157150,198266,arylpolyene,FALSE
JADJSW010000001.region001,NA,NA,GCA_016711565.1,JADJSW010000001,712357,733203,terpene,FALSE
JADJSW010000002.region001,NA,NA,GCA_016711565.1,JADJSW010000002,535878,546289,RiPP-like,FALSE
JADJSR010000001.region001,NA,NA,GCA_016711575.1,JADJSR010000001,150030,171188,terpene,FALSE
JADJSR010000008.region001,NA,NA,GCA_016711575.1,JADJSR010000008,475347,496184,terpene,FALSE
JADJSQ010000001.region001,NA,NA,GCA_016711615.1,JADJSQ010000001,1915443,1956712,arylpolyene,FALSE
JADJSQ010000007.region001,NA,NA,GCA_016711615.1,JADJSQ010000007,224694,265765,T3PKS,FALSE
JADJSQ010000013.region001,NA,NA,GCA_016711615.1,JADJSQ010000013,87675,130849,arylpolyene,FALSE
JADJSQ010000014.region001,NA,NA,GCA_016711615.1,JADJSQ010000014,87097,109872,terpene,FALSE
JADJSQ010000016.region001,NA,NA,GCA_016711615.1,JADJSQ010000016,0,33728,NRPS,TRUE
JADJSQ010000017.region001,NA,NA,GCA_016711615.1,JADJSQ010000017,331,47232,NRPS-like;T1PKS,TRUE
JADJSQ010000019.region001,NA,NA,GCA_016711615.1,JADJSQ010000019,16888,100927,hglE-KS;T3PKS,FALSE
JADJSQ010000029.region001,NA,NA,GCA_016711615.1,JADJSQ010000029,797,21910,RRE-containing,FALSE
JADJSQ010000030.region001,NA,NA,GCA_016711615.1,JADJSQ010000030,979790,1034763,T1PKS;NRPS-like,FALSE
JADJSQ010000034.region001,NA,NA,GCA_016711615.1,JADJSQ010000034,398966,409839,RiPP-like,FALSE
JADJSO010000048.region001,NA,NA,GCA_016711665.1,JADJSO010000048,0,19369,terpene,TRUE
JADJRO010000001.region001,NA,NA,GCA_016712145.1,JADJRO010000001,1953075,1973921,terpene,FALSE
JADJRC010000002.region001,NA,NA,GCA_016712415.1,JADJRC010000002,507220,532738,lanthipeptide-class-i,FALSE
JADJRC010000008.region001,NA,NA,GCA_016712415.1,JADJRC010000008,34769,59195,lanthipeptide-class-i,FALSE
JADJRC010000022.region001,NA,NA,GCA_016712415.1,JADJRC010000022,50189,71032,terpene,FALSE
JADJRC010000047.region001,NA,NA,GCA_016712415.1,JADJRC010000047,138223,159444,terpene,FALSE
JADJRC010000050.region001,NA,NA,GCA_016712415.1,JADJRC010000050,243111,295724,hglE-KS,FALSE
JADJRB010000002.region001,NA,NA,GCA_016712445.1,JADJRB010000002,50221,60629,ectoine,FALSE
JADJRB010000002.region002,NA,NA,GCA_016712445.1,JADJRB010000002,153185,164043,RiPP-like,FALSE
JADJRB010000002.region003,NA,NA,GCA_016712445.1,JADJRB010000002,481887,533297,hglE-KS;T1PKS,FALSE
JADJQW010000002.region001,NA,NA,GCA_016712535.1,JADJQW010000002,833056,853899,terpene,FALSE
JADJQW010000002.region002,NA,NA,GCA_016712535.1,JADJQW010000002,925638,976045,NRPS;NRPS-like;T1PKS,FALSE
JADJQW010000002.region003,NA,NA,GCA_016712535.1,JADJQW010000002,1056856,1102706,resorcinol;arylpolyene,FALSE
JADJQW010000003.region001,NA,NA,GCA_016712535.1,JADJQW010000003,493901,540254,arylpolyene,FALSE
JADJQH010000004.region001,NA,NA,GCA_016712865.1,JADJQH010000004,87443,128640,arylpolyene,FALSE
JADJQH010000008.region001,NA,NA,GCA_016712865.1,JADJQH010000008,114727,166921,T1PKS;NRPS,FALSE
JADJQH010000008.region002,NA,NA,GCA_016712865.1,JADJQH010000008,672191,683088,RiPP-like,FALSE
JADJQB010000001.region001,NA,NA,GCA_016712915.1,JADJQB010000001,469151,490910,terpene,FALSE
JADJQB010000008.region001,NA,NA,GCA_016712915.1,JADJQB010000008,109206,120172,RiPP-like,FALSE
JADJQB010000018.region001,NA,NA,GCA_016712915.1,JADJQB010000018,365203,408784,arylpolyene,FALSE
JADJQB010000018.region002,NA,NA,GCA_016712915.1,JADJQB010000018,440361,483268,NRPS-like,FALSE
JADJQB010000020.region001,NA,NA,GCA_016712915.1,JADJQB010000020,321428,354101,betalactone,FALSE
JADJQB010000020.region002,NA,NA,GCA_016712915.1,JADJQB010000020,436624,482711,hglE-KS,FALSE
JADJQB010000024.region001,NA,NA,GCA_016712915.1,JADJQB010000024,56051,77170,terpene,FALSE
JADJQB010000028.region001,NA,NA,GCA_016712915.1,JADJQB010000028,34594,62941,NRPS-like,TRUE
JADJQD010000006.region001,NA,NA,GCA_016712925.1,JADJQD010000006,326956,347667,terpene,FALSE
JADJQD010000012.region001,NA,NA,GCA_016712925.1,JADJQD010000012,174177,194786,terpene,FALSE
JADJPT010000014.region001,NA,NA,GCA_016713125.1,JADJPT010000014,0,13746,terpene,TRUE
JADJPT010000015.region001,NA,NA,GCA_016713125.1,JADJPT010000015,60579,93070,betalactone,FALSE
JADJPL010000001.region001,NA,NA,GCA_016713275.1,JADJPL010000001,189962,211667,thioamitides,FALSE
JADJPL010000001.region002,NA,NA,GCA_016713275.1,JADJPL010000001,539195,560032,terpene,FALSE
JADJOL010000002.region001,NA,NA,GCA_016713795.1,JADJOL010000002,106387,151697,hglE-KS,FALSE
JADJOL010000003.region001,NA,NA,GCA_016713795.1,JADJOL010000003,315788,336061,RRE-containing,FALSE
JADJOL010000005.region001,NA,NA,GCA_016713795.1,JADJOL010000005,505333,526590,terpene,FALSE
JADJOL010000010.region001,NA,NA,GCA_016713795.1,JADJOL010000010,180934,201222,RRE-containing,FALSE
JADJOL010000014.region001,NA,NA,GCA_016713795.1,JADJOL010000014,35665,82299,RRE-containing;NRPS-like,TRUE
JADJOL010000016.region001,NA,NA,GCA_016713795.1,JADJOL010000016,132543,153485,terpene,FALSE
JADJOK010000007.region001,NA,NA,GCA_016713835.1,JADJOK010000007,64934,86754,ranthipeptide,FALSE
JADJOH010000002.region001,NA,NA,GCA_016713925.1,JADJOH010000002,279620,299008,terpene,FALSE
JADJOH010000002.region002,NA,NA,GCA_016713925.1,JADJOH010000002,440688,461834,terpene,FALSE
JADJOH010000002.region003,NA,NA,GCA_016713925.1,JADJOH010000002,1158496,1209274,T1PKS;NRPS-like;NRPS,FALSE
JADJOH010000003.region001,NA,NA,GCA_016713925.1,JADJOH010000003,7452,22533,terpene,TRUE
JADJOH010000007.region001,NA,NA,GCA_016713925.1,JADJOH010000007,694807,719285,lanthipeptide-class-i,FALSE
JADJOD010000004.region001,NA,NA,GCA_016713985.1,JADJOD010000004,133074,153672,terpene,FALSE
JADJOD010000004.region002,NA,NA,GCA_016713985.1,JADJOD010000004,358980,379823,terpene,FALSE
JADJOD010000005.region001,NA,NA,GCA_016713985.1,JADJOD010000005,101550,122864,lanthipeptide-class-i,TRUE
JADJOD010000006.region001,NA,NA,GCA_016713985.1,JADJOD010000006,210626,232708,cyanobactin,FALSE
JADJOA010000002.region001,NA,NA,GCA_016714005.1,JADJOA010000002,408420,429263,terpene,FALSE
JADJOA010000007.region001,NA,NA,GCA_016714005.1,JADJOA010000007,0,15736,terpene,TRUE
JADJOA010000007.region002,NA,NA,GCA_016714005.1,JADJOA010000007,195041,237453,T1PKS,FALSE
JADJOA010000014.region001,NA,NA,GCA_016714005.1,JADJOA010000014,782115,824014,NRPS-like,FALSE
JADJNI010000002.region001,NA,NA,GCA_016714315.1,JADJNI010000002,273248,294085,terpene,FALSE
JADJNI010000015.region001,NA,NA,GCA_016714315.1,JADJNI010000015,1335571,1356615,terpene,FALSE
JADJND010000001.region001,NA,NA,GCA_016714375.1,JADJND010000001,1002653,1013535,RiPP-like,FALSE
JADJND010000003.region001,NA,NA,GCA_016714375.1,JADJND010000003,315189,358336,NRPS-like,FALSE
JADJND010000004.region001,NA,NA,GCA_016714375.1,JADJND010000004,520165,531011,RiPP-like,FALSE
JADJND010000005.region001,NA,NA,GCA_016714375.1,JADJND010000005,302106,344707,NRPS-like,FALSE
JADJND010000011.region001,NA,NA,GCA_016714375.1,JADJND010000011,147682,188795,T3PKS,FALSE
JADJND010000011.region002,NA,NA,GCA_016714375.1,JADJND010000011,223431,234847,RiPP-like,FALSE
JADJND010000012.region001,NA,NA,GCA_016714375.1,JADJND010000012,160367,182575,terpene,FALSE
JADKDX010000001.region001,NA,NA,GCA_016714385.1,JADKDX010000001,375268,418474,arylpolyene,FALSE
JADKDX010000001.region002,NA,NA,GCA_016714385.1,JADKDX010000001,454215,495360,resorcinol,FALSE
JADKDX010000002.region001,NA,NA,GCA_016714385.1,JADKDX010000002,290014,331121,T3PKS;terpene,FALSE
JADKDX010000004.region001,NA,NA,GCA_016714385.1,JADKDX010000004,15694,56900,arylpolyene,FALSE
JADKDX010000006.region001,NA,NA,GCA_016714385.1,JADKDX010000006,261838,303065,arylpolyene,FALSE
JADKDM010000012.region001,NA,NA,GCA_016714565.1,JADKDM010000012,90864,111812,terpene,FALSE
JADKDM010000014.region001,NA,NA,GCA_016714565.1,JADKDM010000014,72725,93691,terpene,FALSE
JADKDM010000024.region001,NA,NA,GCA_016714565.1,JADKDM010000024,4597,25545,terpene,FALSE
JADKDM010000033.region001,NA,NA,GCA_016714565.1,JADKDM010000033,7395,50173,NRPS,FALSE
JADKCI010000001.region001,NA,NA,GCA_016714645.1,JADKCI010000001,1445308,1465334,terpene,TRUE
JADKCI010000002.region001,NA,NA,GCA_016714645.1,JADKCI010000002,181035,202157,terpene,FALSE
JADKCI010000002.region002,NA,NA,GCA_016714645.1,JADKCI010000002,797034,838231,arylpolyene,FALSE
JADKCI010000002.region003,NA,NA,GCA_016714645.1,JADKCI010000002,868684,899061,betalactone,FALSE
JADKCI010000005.region001,NA,NA,GCA_016714645.1,JADKCI010000005,270109,298969,ranthipeptide,FALSE
JADKCF010000010.region001,NA,NA,GCA_016714765.1,JADKCF010000010,78013,99171,terpene,FALSE
JADKCF010000044.region001,NA,NA,GCA_016714765.1,JADKCF010000044,70073,90907,terpene,FALSE
JADKBR010000004.region001,NA,NA,GCA_016714975.1,JADKBR010000004,9427,34224,arylpolyene,TRUE
JADKBR010000015.region001,NA,NA,GCA_016714975.1,JADKBR010000015,190717,212364,terpene,FALSE
JADKBR010000017.region001,NA,NA,GCA_016714975.1,JADKBR010000017,23170,34010,RiPP-like,FALSE
JADKBR010000017.region002,NA,NA,GCA_016714975.1,JADKBR010000017,230206,291629,arylpolyene;resorcinol,FALSE
JADJZJ010000003.region001,NA,NA,GCA_016715765.1,JADJZJ010000003,98148,139186,T3PKS,FALSE
JADJZJ010000013.region001,NA,NA,GCA_016715765.1,JADJZJ010000013,50591,61452,RiPP-like,FALSE
JADJZJ010000029.region001,NA,NA,GCA_016715765.1,JADJZJ010000029,0,37108,ladderane,TRUE
JADJXI010000003.region001,NA,NA,GCA_016715905.1,JADJXI010000003,402411,413251,RiPP-like,FALSE
JADJXI010000003.region002,NA,NA,GCA_016715905.1,JADJXI010000003,788412,809249,terpene,FALSE
JADJXI010000020.region001,NA,NA,GCA_016715905.1,JADJXI010000020,195985,238023,lanthipeptide-class-v,FALSE
JADJXI010000020.region002,NA,NA,GCA_016715905.1,JADJXI010000020,377676,402025,lanthipeptide-class-i;RiPP-like,FALSE
JADJXE010000001.region001,NA,NA,GCA_016716005.1,JADJXE010000001,1025322,1071493,hglE-KS,FALSE
JADJXE010000001.region002,NA,NA,GCA_016716005.1,JADJXE010000001,1294679,1327576,betalactone,FALSE
JADJXE010000001.region003,NA,NA,GCA_016716005.1,JADJXE010000001,1550283,1591444,arylpolyene,FALSE
JADJXE010000001.region004,NA,NA,GCA_016716005.1,JADJXE010000001,1861895,1883162,terpene,FALSE
JADJXE010000001.region005,NA,NA,GCA_016716005.1,JADJXE010000001,2984336,3047340,NRPS,FALSE
JADJXE010000001.region006,NA,NA,GCA_016716005.1,JADJXE010000001,3137185,3158403,terpene,FALSE
JADJXC010000002.region001,NA,NA,GCA_016716035.1,JADJXC010000002,71256,103346,betalactone,FALSE
JADJXC010000002.region002,NA,NA,GCA_016716035.1,JADJXC010000002,605969,616848,RiPP-like,FALSE
JADJXC010000013.region001,NA,NA,GCA_016716035.1,JADJXC010000013,794435,818596,terpene,FALSE
JADJXA010000001.region001,NA,NA,GCA_016716065.1,JADJXA010000001,649161,670103,terpene,FALSE
JADJXA010000001.region002,NA,NA,GCA_016716065.1,JADJXA010000001,921320,972472,NRPS-like;T1PKS,FALSE
JADJXA010000002.region001,NA,NA,GCA_016716065.1,JADJXA010000002,453785,501102,NRPS,FALSE
JADJXA010000002.region002,NA,NA,GCA_016716065.1,JADJXA010000002,868947,889238,RRE-containing,FALSE
JADJXA010000004.region001,NA,NA,GCA_016716065.1,JADJXA010000004,390665,411868,terpene,FALSE
JADJXA010000014.region001,NA,NA,GCA_016716065.1,JADJXA010000014,51756,94564,hglE-KS,FALSE
JADJXA010000026.region001,NA,NA,GCA_016716065.1,JADJXA010000026,48505,71688,lanthipeptide-class-ii,FALSE
JADJXB010000001.region001,NA,NA,GCA_016716075.1,JADJXB010000001,432121,507301,PKS-like;NRPS-like,FALSE
JADJXB010000002.region001,NA,NA,GCA_016716075.1,JADJXB010000002,136976,147843,RiPP-like,FALSE
JADJXB010000002.region002,NA,NA,GCA_016716075.1,JADJXB010000002,372433,395589,betalactone,TRUE
JADJXB010000016.region001,NA,NA,GCA_016716075.1,JADJXB010000016,39009,59771,hserlactone,FALSE
JADJXB010000032.region001,NA,NA,GCA_016716075.1,JADJXB010000032,0,30432,NRPS,TRUE
JADJWY010000005.region001,NA,NA,GCA_016716085.1,JADJWY010000005,355199,365082,RiPP-like,FALSE
JADJWY010000005.region002,NA,NA,GCA_016716085.1,JADJWY010000005,387091,397919,RiPP-like,FALSE
JADJWY010000008.region001,NA,NA,GCA_016716085.1,JADJWY010000008,362867,385809,betalactone,FALSE
JADJWY010000023.region001,NA,NA,GCA_016716085.1,JADJWY010000023,162633,206671,NRPS,FALSE
JADJWY010000026.region001,NA,NA,GCA_016716085.1,JADJWY010000026,521240,536021,"NAGGN",FALSE
JADJWX010000007.region001,NA,NA,GCA_016716135.1,JADJWX010000007,346433,367276,terpene,FALSE
JADJWX010000010.region001,NA,NA,GCA_016716135.1,JADJWX010000010,138291,159542,terpene,FALSE
JADJWO010000001.region001,NA,NA,GCA_016716325.1,JADJWO010000001,838864,860517,terpene,FALSE
JADJWO010000001.region002,NA,NA,GCA_016716325.1,JADJWO010000001,2298603,2319158,hserlactone,FALSE
JADJWJ010000002.region001,NA,NA,GCA_016716425.1,JADJWJ010000002,125471,136308,RiPP-like,FALSE
JADJWJ010000010.region001,NA,NA,GCA_016716425.1,JADJWJ010000010,9711,31437,terpene,FALSE
JADJWJ010000020.region001,NA,NA,GCA_016716425.1,JADJWJ010000020,37664,48504,RiPP-like,FALSE
JADJWJ010000020.region002,NA,NA,GCA_016716425.1,JADJWJ010000020,240126,291199,hglE-KS;T1PKS,FALSE
JADJWJ010000021.region001,NA,NA,GCA_016716425.1,JADJWJ010000021,95158,137117,NRPS-like,FALSE
JADJWA010000001.region001,NA,NA,GCA_016716605.1,JADJWA010000001,189104,239538,T1PKS;NRPS-like;NRPS,FALSE
JADJWA010000001.region002,NA,NA,GCA_016716605.1,JADJWA010000001,1571118,1591961,terpene,FALSE
JADJWA010000001.region003,NA,NA,GCA_016716605.1,JADJWA010000001,2051253,2096260,resorcinol;arylpolyene,FALSE
JADJWA010000001.region004,NA,NA,GCA_016716605.1,JADJWA010000001,3512006,3558363,arylpolyene,FALSE
JADJUM010000001.region001,NA,NA,GCA_016717085.1,JADJUM010000001,599662,640769,T3PKS;terpene,FALSE
JADJUM010000001.region002,NA,NA,GCA_016717085.1,JADJUM010000001,1310162,1353369,arylpolyene,FALSE
JADJUM010000002.region001,NA,NA,GCA_016717085.1,JADJUM010000002,583257,624409,arylpolyene,FALSE
JADJUM010000005.region001,NA,NA,GCA_016717085.1,JADJUM010000005,3931,45077,resorcinol,FALSE
JADJUM010000005.region002,NA,NA,GCA_016717085.1,JADJUM010000005,272616,299961,arylpolyene,TRUE
JADJUM010000008.region001,NA,NA,GCA_016717085.1,JADJUM010000008,47264,88491,arylpolyene,FALSE
JADKGB010000001.region001,NA,NA,GCA_016717225.1,JADKGB010000001,346749,389308,NRPS-like,FALSE
JADKGB010000005.region001,NA,NA,GCA_016717225.1,JADKGB010000005,64314,85157,terpene,FALSE
JADKGB010000012.region001,NA,NA,GCA_016717225.1,JADKGB010000012,0,15783,NRPS,TRUE
JADKFR010000001.region001,NA,NA,GCA_016717345.1,JADKFR010000001,535685,555958,RRE-containing,FALSE
JADKFR010000002.region001,NA,NA,GCA_016717345.1,JADKFR010000002,182548,203469,terpene,FALSE
JADKFR010000005.region001,NA,NA,GCA_016717345.1,JADKFR010000005,207282,246813,betalactone;NAPAA,FALSE
JADKFR010000009.region001,NA,NA,GCA_016717345.1,JADKFR010000009,786,18325,"NAPAA",FALSE
JADKFR010000009.region002,NA,NA,GCA_016717345.1,JADKFR010000009,29843,63773,"NAPAA",FALSE
JADKFQ010000001.region001,NA,NA,GCA_016717445.1,JADKFQ010000001,865772,886615,terpene,FALSE
JADKFQ010000002.region001,NA,NA,GCA_016717445.1,JADKFQ010000002,0,42147,NRPS;T1PKS;NRPS-like,TRUE
JADKFQ010000003.region001,NA,NA,GCA_016717445.1,JADKFQ010000003,212133,258090,arylpolyene;resorcinol,FALSE
JADKFQ010000009.region001,NA,NA,GCA_016717445.1,JADKFQ010000009,54231,100576,arylpolyene,FALSE
JADKFB010000003.region001,NA,NA,GCA_016717665.1,JADKFB010000003,42035,62875,terpene,FALSE
JADKFB010000005.region001,NA,NA,GCA_016717665.1,JADKFB010000005,69269,132359,T1PKS,FALSE
JADKFB010000008.region001,NA,NA,GCA_016717665.1,JADKFB010000008,49602,75976,lanthipeptide-class-i,FALSE
JADKFB010000010.region001,NA,NA,GCA_016717665.1,JADKFB010000010,12435,34004,blactam,FALSE
JADKFB010000033.region001,NA,NA,GCA_016717665.1,JADKFB010000033,6484,26736,RRE-containing,FALSE
JADKFB010000049.region001,NA,NA,GCA_016717665.1,JADKFB010000049,0,50083,arylpolyene,TRUE
JADKEZ010000001.region001,NA,NA,GCA_016717775.1,JADKEZ010000001,665986,684528,terpene,FALSE
JADKEZ010000001.region002,NA,NA,GCA_016717775.1,JADKEZ010000001,1029028,1049871,terpene,FALSE
JADKEZ010000011.region001,NA,NA,GCA_016717775.1,JADKEZ010000011,101689,143048,resorcinol,FALSE
JADKDH010000001.region001,NA,NA,GCA_016718415.1,JADKDH010000001,790270,876542,NRPS;T1PKS;NRPS-like,FALSE
JADKDH010000006.region001,NA,NA,GCA_016718415.1,JADKDH010000006,77794,98637,terpene,FALSE
JADKDH010000011.region001,NA,NA,GCA_016718415.1,JADKDH010000011,148008,194451,arylpolyene,FALSE
JADKDH010000027.region001,NA,NA,GCA_016718415.1,JADKDH010000027,0,32625,arylpolyene;resorcinol,TRUE
JADKDG010000003.region001,NA,NA,GCA_016718465.1,JADKDG010000003,88962,109805,terpene,FALSE
JADKDG010000003.region002,NA,NA,GCA_016718465.1,JADKDG010000003,256551,280853,lanthipeptide-class-i,FALSE
JADKDF010000004.region001,NA,NA,GCA_016718485.1,JADKDF010000004,224139,267295,NRPS-like,FALSE
JADKDF010000009.region001,NA,NA,GCA_016718485.1,JADKDF010000009,71817,116923,hglE-KS,FALSE
JADKDF010000009.region002,NA,NA,GCA_016718485.1,JADKDF010000009,119018,141412,lassopeptide,FALSE
JADKDF010000013.region001,NA,NA,GCA_016718485.1,JADKDF010000013,69313,111683,NRPS-like,FALSE
JADKDF010000074.region001,NA,NA,GCA_016718485.1,JADKDF010000074,27618,47921,RRE-containing,FALSE
JADKDA010000001.region001,NA,NA,GCA_016718615.1,JADKDA010000001,403442,424285,terpene,FALSE
JADKDA010000003.region001,NA,NA,GCA_016718615.1,JADKDA010000003,438984,506378,arylpolyene;resorcinol,FALSE
JADKDA010000004.region001,NA,NA,GCA_016718615.1,JADKDA010000004,47449,97991,T1PKS;NRPS-like;NRPS,FALSE
JADKCV010000001.region001,NA,NA,GCA_016718655.1,JADKCV010000001,146652,167495,terpene,FALSE
JADKCV010000041.region001,NA,NA,GCA_016718655.1,JADKCV010000041,0,36004,NRPS;NRPS-like;T1PKS,TRUE
JADKCV010000048.region001,NA,NA,GCA_016718655.1,JADKCV010000048,6552,29725,NRPS-like,TRUE
JADKCS010000005.region001,NA,NA,GCA_016718755.1,JADKCS010000005,195255,236386,arylpolyene,FALSE
JADKCS010000009.region001,NA,NA,GCA_016718755.1,JADKCS010000009,53319,94525,arylpolyene,FALSE
JADKCS010000014.region001,NA,NA,GCA_016718755.1,JADKCS010000014,44529,73159,arylpolyene,TRUE
JADKCS010000032.region001,NA,NA,GCA_016718755.1,JADKCS010000032,365474,403929,T3PKS,TRUE
JADKCS010000038.region001,NA,NA,GCA_016718755.1,JADKCS010000038,0,37607,resorcinol;arylpolyene,TRUE
JADJZD010000040.region001,NA,NA,GCA_016719445.1,JADJZD010000040,132099,143017,RiPP-like,FALSE
JADJYH010000004.region001,NA,NA,GCA_016719855.1,JADJYH010000004,172283,193120,terpene,FALSE
JADJYH010000025.region001,NA,NA,GCA_016719855.1,JADJYH010000025,12029,61113,NRPS-like,FALSE
JADJYH010000069.region001,NA,NA,GCA_016719855.1,JADJYH010000069,0,17069,terpene,TRUE
JADJYB010000003.region001,NA,NA,GCA_016720015.1,JADJYB010000003,224449,245391,terpene,FALSE
JADJYB010000005.region001,NA,NA,GCA_016720015.1,JADJYB010000005,334599,354887,RRE-containing,FALSE
JADJYB010000010.region001,NA,NA,GCA_016720015.1,JADJYB010000010,140462,160735,RRE-containing,FALSE
JADJYB010000011.region001,NA,NA,GCA_016720015.1,JADJYB010000011,104605,150389,hglE-KS,FALSE
JADJYB010000020.region001,NA,NA,GCA_016720015.1,JADJYB010000020,86270,107527,terpene,FALSE
JADKKW010000002.region001,NA,NA,GCA_016720295.1,JADKKW010000002,297511,319270,terpene,FALSE
JADKKW010000004.region001,NA,NA,GCA_016720295.1,JADKKW010000004,386478,397444,RiPP-like,FALSE
JADKKW010000004.region002,NA,NA,GCA_016720295.1,JADKKW010000004,468587,533135,acyl_amino_acids,FALSE
JADKKW010000007.region001,NA,NA,GCA_016720295.1,JADKKW010000007,181596,202715,terpene,FALSE
JADKKW010000012.region001,NA,NA,GCA_016720295.1,JADKKW010000012,21875,64782,NRPS-like,FALSE
JADKKW010000020.region001,NA,NA,GCA_016720295.1,JADKKW010000020,198352,244058,hglE-KS,FALSE
JADKKP010000001.region001,NA,NA,GCA_016720445.1,JADKKP010000001,240130,250520,ectoine,FALSE
JADKKP010000003.region001,NA,NA,GCA_016720445.1,JADKKP010000003,41027,92926,T1PKS,FALSE
JADKKP010000003.region002,NA,NA,GCA_016720445.1,JADKKP010000003,161602,183149,ranthipeptide,FALSE
JADKKP010000018.region001,NA,NA,GCA_016720445.1,JADKKP010000018,99798,110590,RiPP-like,FALSE
JADKKM010000003.region001,NA,NA,GCA_016720495.1,JADKKM010000003,448826,469672,terpene,FALSE
JADKJW010000002.region001,NA,NA,GCA_016720835.1,JADKJW010000002,2959,24737,terpene,FALSE
JADKJW010000002.region002,NA,NA,GCA_016720835.1,JADKJW010000002,320937,345655,ranthipeptide,FALSE
JADKJT010000001.region001,NA,NA,GCA_016720905.1,JADKJT010000001,413527,434586,terpene,FALSE
JADKJT010000009.region001,NA,NA,GCA_016720905.1,JADKJT010000009,120219,141722,ranthipeptide,FALSE
JADKJT010000022.region001,NA,NA,GCA_016720905.1,JADKJT010000022,2624,22876,RRE-containing,FALSE
JADKJT010000030.region001,NA,NA,GCA_016720905.1,JADKJT010000030,100301,121198,terpene,FALSE
JADKIM010000003.region001,NA,NA,GCA_016721255.1,JADKIM010000003,581603,602440,terpene,FALSE
JADKIM010000004.region001,NA,NA,GCA_016721255.1,JADKIM010000004,220279,261488,arylpolyene,FALSE
JADKIM010000010.region001,NA,NA,GCA_016721255.1,JADKIM010000010,463493,507954,arylpolyene,FALSE
JADKHZ010000002.region001,NA,NA,GCA_016721515.1,JADKHZ010000002,20837,43935,terpene,FALSE
JADKHR010000001.region001,NA,NA,GCA_016721625.1,JADKHR010000001,1245209,1266948,terpene,FALSE
JADKHR010000001.region002,NA,NA,GCA_016721625.1,JADKHR010000001,1851809,1896205,arylpolyene,FALSE
JADKHR010000001.region003,NA,NA,GCA_016721625.1,JADKHR010000001,2695658,2736694,T3PKS,FALSE
JADKGH010000001.region001,NA,NA,GCA_016722365.1,JADKGH010000001,992021,1015791,terpene,FALSE
JADKGH010000006.region001,NA,NA,GCA_016722365.1,JADKGH010000006,34918,75983,T3PKS,FALSE
JADKGH010000023.region001,NA,NA,GCA_016722365.1,JADKGH010000023,88924,104969,terpene,TRUE
